Asread -> asread.
TYPHOON GRAPHICS -> Typhoon Graphics
Studio LAN -> LAN Studio
Cyclone Graphics inc -> Cyclone Graphics
NUT -> Nut
Ashi Production -> Ashi Productions
2:10 Animation -> 2:10 AM Animation
Studio Blanc -> Studio Blanc.
AIC Plus+ -> AIC PLUS+
EMTœ -> EMT Squared
DandeLion Animation Studio LLC -> DandeLion Animation Studio
Telescreen BV -> Telescreen
Inc. -> ??
Studio 9 MAiami -> Studio 9 Maiami
M2 -> Studio M2
G.CMay Animation & Film -> CMAY Animation
Xebec Zwei -> Xebec
Success Co. -> Success Corp.
Pie in The Sky -> Pie in the sky
SOEISHINSHA -> Soeishinsha
Imagica Image Works -> Imagica Imageworks
Sting Ray -> Stingray
REVOROOT -> Revoroot
Studio Pierrot -> Pierrot
Yamamura Animation -> "Yamamura Animation, Inc."
Signal. MD -> Signal.MD
Media Bank -> Mediabank
Oz -> Oz Inc.
Fukushima Gaina -> Fukushima Gaina
Diomedea -> Diomedéa
AIC A.S.T.A. -> AIC ASTA
Ajia-Do -> Ajia-do
Animate Film -> animate Film
Studio Gallop -> Gallop
Silver Link. -> Silver
